{
  "Reaction": "",
  "manage_reactions": "Manage Reactions",
  "add_new_reaction": "Add New Reaction",
  "icon_u": "Icon",
  "active_u": "Active",
  "like__u": "Like",
  "love__u": "Love",
  "sad__u": "Sad",
  "wow__u": "Wow",
  "haha__u": "Haha",
  "angry__u": "Angry",
  "reaction_deleted_successfully": "Reaction deleted successfully",
  "edit_reaction": "Edit Reaction",
  "react_title": "React Title",
  "react_color": "React Color",
  "choose_an_icon_for_this_react_suggested_image_should_be_round_and_64_64_pixels_in_resolution": "Choose an icon for this react. Suggested image should be round and 64x64 pixels in resolution",
  "please_select_an_icon_for_react_only_accept_jpg_jpeg_png": "Please select an icon for reaction and only accept jpg/jpeg/png file.",
  "reaction_added_successfully": "Reaction added successfully",
  "reaction_updated_successfully": "Reaction updated successfully",
  "reaction_you_are_looking_for_does_not_exists": "Reaction you are looking for doesn't exists",
  "like_is_default_action_you_can_add_more_maximum_11_reactions": "Like is default action. You can add more maximum 11 reactions.",
  "you_can_not_add_more_reaction": "You cannot add more reaction",
  "you_can_active_maximum_6_reactions_at_a_time": "You can active maximum 6 reactions at a time",
  "reaction_can_not_found_or_you_can_not_delete_this_reaction": "Reaction cannot found or you cannot delete this reaction",
  "you_are_not_allowed_to_react_this_item": "You are not allowed to react this item.",
  "you_have_already_reacted_this_feed": "You have already \"reacted\" this feed.",
  "loading_three_dot": "Loading...",
  "and_total_more": "and {total} more...",
  "limit_12_characters": "Limit 12 characters",
  "if_the_title_is_empty_then_its_value_will_have_the_same_value_as_default_language": "If the react title is empty then its value will have the same value as default language.",
  "language_name_title_cannot_have_greater_than_limit_characters": "{language_name} title cannot have greater than {limit} characters",
  "save__u": "Save",
  "you_cannot_edit_this_reaction": "You cannot edit this reaction",
  "no_reactions_found": "No reactions found"
}