{
  "module_amazons3" : "Amazon S3",
  "Enable Amazon S3": "",
  "Amazon Key ID": "",
  "Amazon Secret Key": "",
  "Bucket Name": "",
  "Create a new bucket": "",
  "Select a bucket": "",
  "Your AWS access key and secret key are not valid.": "",
  "Select region": "",
  "Create": "",
  "Save": "",
  "Bucket can not empty": "",
  "Bucket is added successfully": "",
  "Can not create bucket. Bucket name may already exist or invalid.": "",
  "Old files can not be moved to new bucket": "",
  "Amazon S3": ""
}