{
  "featured_polls": "Featured Polls",
  "add_new_poll": "Add New Poll",
  "sponsor_this_poll": "Sponsor this poll",
  "unsponsor_this_poll": "Unsponsor this poll",
  "poll_has_been_approved": "Poll has been approved",
  "poll_approve": "Poll approve",
  "poll_successfully_sponsored": "Poll successfully sponsored",
  "poll_successfully_un_sponsored": "Poll successfully unsponsored",
  "poll_successfully_featured": "Poll successfully featured",
  "poll_successfully_un_featured": "Poll successfully unfeatured",
  "poll_s_successfully_featured": "Poll(s) successfully featured",
  "poll_s_successfully_un_featured": "Poll(s) sucessfully unfeatured",
  "unsponsor_in_feed": "Unsponsor In Feed",
  "are_you_sure_you_want_to_delete_this_poll": "Are you sure you want to delete this poll permanently?",
  "poll_total_vote": "vote",
  "poll_total_votes": "votes",
  "Featured Polls Limit": "",
  "Define the limit of how many featured polls can be displayed when viewing the polls section. Set 0 will hide this block": "",
  "encourage_sponsor_poll": "Sponsor Your Polls",
  "poll_sponsor_title": "Poll: {sPollTitle}",
  "poll_sponsor_paypal_message": "Payment for the sponsor space of poll: {sPollTitle}",
  "allow_multiple_choice": "Allow multiple choice",
  "full_name_voted_some_answers_on_your_poll_question": "{full_name} voted some answers on your poll \"{question}\" To view this poll follow the link below: <a href=\"{link}\">{link}</a>.",
  "user_info_voted_answers": "{user_info} voted <b>{answer}</b>",
  "Featured Polls Cache Time": "",
  "Define how long we should keep the cache for the <b>Featured Polls</b> by minutes. 0 means we do not cache data for this block": "",
  "Sponsored Polls Cache Time": "",
  "Define how long we should keep the cache for the <b>Sponsored Polls</b> by minutes. 0 means we do not cache data for this block.": "",
  "Sponsored Polls Limit": "",
  "Define the limit of how many sponsored polls can be displayed when viewing the polls section. Set 0 will hide this block": "",
  "sponsor_error_poll_not_found": "The poll you are trying to sponsor is not available.",
  "view_lowercase": "view",
  "views_lowercase": "views",
  "results_of_answer": "Results of answer",
  "no_votes_to_show": "No votes to show",
  "voted_at": "voted at",
  "person_lower": "person",
  "voted_for": "voted for",
  "voted_total_option": "voted {total} option",
  "voted_total_options": "voted {total} options",
  "latest_votes": "Latest Votes",
  "user_voted_total_option": "{user_info} voted {total} option",
  "user_voted_total_options": "{user_info} voted {total} options",
  "Define the limit of how many votes can be displayed when viewing the polls detail section. Set 0 will hide this block": "",
  "Latest Votes Limit": "",
  "view_all_total_votes": "View all {total} vote(s)",
  "display_photo": "Display photo",
  "browse_three_dot": "Browse...",
  "purchase_poll_sponsor_completed": "Your purchase to sponsor your poll has just been made successfully.",
  "purchase_poll_sponsor_pending_approval": "Your purchase to sponsor your poll has just been made successfully however it is pending an Admins approval.",
  "New Polls Limit": "",
  "Define the limit of how many polls can be displayed when viewing new poll section. Set 0 will hide this block": "",
  "change_photo": "Change Photo",
  "add_more": "Add more",
  "\"Waiting time to add new poll\" must be greater or equal to 0": "",
  "\"Featured Polls Limit\" must be greater than or equal to 0": "",
  "\"Max file size for poll photos\" must be greater than or equal to 0": "",
  "\"Activity points\" must be greater than or equal to 0": "",
  "\"Maximum answers\" must be greater than or equal to 2": "",
  "\"Waiting time to add new poll\" must be greater than or equal to 0": "",
  "Polls": "",
  "\"Sponsored Polls Limit\" must be greater than or equal to 0": "",
  "\"Latest Votes Limit\" must be greater than or equal to 0": "",
  "you_have_total_pending_polls": "You have {total} pending polls",
  "\"Sponsor poll price\" must be greater than or equal to 0": "",
  "\"New Polls Limit\" must be greater than or equal to 0": "",
  "set_close_time": "Set Close Time",
  "poll_will_be_closed_after_this_time_and_nobody_can_vote_on_it": "Poll will be closed after this time and nobody can vote on it.",
  "voting_for_this_poll_was_closed": "Voting for this poll was closed.",
  "voting_for_this_poll_available_until": "Voting for this poll available until.",
  "controller_poll.index": "Poll Home Page",
  "controller_poll.view": "Poll Detail",
  "controller_poll.profile": "Poll Profile",
  "controller_poll.design": "Poll Design",
  "poll_show_all_options" : "Show all options",
  "poll_vote_now" : "Vote Now",
  "poll_vote_again" : "Vote Again",
  "poll_you_must_choose_at_least_one_option" : "You must choose at least one option.",
  "who_can_share_polls":"Who can share polls?",
  "who_can_view_polls":"Who can view/browse polls?",
  "users_add_a_new_poll_in_the_group_title" : "{users} add a new poll in the group {title}",
  "not_a_valid_poll": "Not a valid poll.",
  "poll_people_lower" : "people",
  "poll_notifications" : "Poll Notifications",
  "email_subject_your_poll_title_has_been_approved": "Your poll \"{title}\" has been approved.",
  "are_you_sure_you_want_to_delete_selected_polls_permanently": "Are you sure you want to delete selected polls permanently?",
  "poll_flood_control_message_single": "You can only post polls every {x} minute.",
  "you_dont_have_permission_to_delete_this_poll": "You do not have permission to delete this poll.",
  "poll_you_have_reached_your_limit_to_create_new_poll" : "You have reached your limit. You are currently unable to create new poll."
}