{
  "add_new": "Add New",
  "feed_status_background": "Feed Status Background",
  "manage_collections": "Manage Collections",
  "collection_you_are_looking_for_does_not_exists": "Collection you are looking for does not exists",
  "collection_updated_successfully": "Collection updated successfully",
  "collection_added_successfully": "Collection added successfully",
  "edit_collection": "Edit Collection",
  "add_new_collection": "Add New Collection",
  "delete_this_image": "Delete this image",
  "if_the_name_is_empty_then_its_value_will_have_the_same_value_as_default_language": "If the collection name is empty then its value will have the same value as default language.",
  "the_name_of_collection_maximum_limit_characters": "The name of collection. Maximum {limit} characters",
  "collection_name": "Collection Name",
  "add_images": "Add Images",
  "you_can_not_delete_this_collection_you_can_drag_drop_to_re_order": "You cannot delete this collection. You can drag & drop to re-order images",
  "images_should_be_in_width_x_height_ratio_x_y_for_the_best_layout_max_size_of_each_image_is_size": "Images should be in {width}x{height} ({x}:{y}) for the best layout. Max size of each image is {size}.",
  "is_default": "Is Default",
  "if_set_as_default_this_collection_is_activated_and_the_current_default_one_will_be_set_inactive": "If set as default, this collection is activated and the current default one will be set inactive.",
  "are_you_sure_if_set_as_default_this_collection_is_activated_and_the_current_default_one_will_be_set_inactive": "Are you sure? If set as default, this collection is activated and the current default one will be set inactive.",
  "you_cannot_activate_this_collection_because_the_maximum_number_of_active_collections_is_2": "You cannot activate this collection because the maximum of active collections is 2",
  "please_remove_all_error_files_first": "Please remove all error files first!",
  "are_you_sure_you_want_to_delete_this_image": "Are you sure you want to delete this image?",
  "image_deleted_successfully": "Image deleted successfully",
  "main_image": "Main Image",
  "no_of_image": "No. of Images",
  "you_cannot_deactive_default_collection": "You cannot de-active default collection",
  "collection_can_not_found_or_you_can_not_delete_it": "Collection cannot found or you cannot delete it",
  "collection_deleted_successfully": "Collection deleted successfully",
  "collection_s_deleted_successfully": "Collection(s) deleted successfully",
  "set_as_default": "Set as default",
  "collection_set_as_default_successfully": "Collection set as default successfully",
  "are_you_sure_you_want_to_delete_this_collection_permanently": "Are you sure you want to delete this collection permanently?",
  "are_you_sure_you_want_to_delete_these_collection_s_permanently": "Are you sure you want to delete these collection(s) permanently?",
  "title_of_collection_is_required": "Title of collection is required",
  "default_status_theme": "Default status theme",
  "you_can_upload_a_jpg_jpeg_or_png_file": "You can upload a JPG, JPEG or PNG file.",
  "save_change": "Save Change",
  "drag_n_drop_multi_images_here_to_upload": "Drag & drop multi images here to upload",
  "maximum_images_you_can_upload_is_number": "Maximum images you can upload is: {number}",
  "the_file_size_limit_is_file_size_if_your_upload_does_not_work_try_uploading_a_smaller_image": "The file size limit is {file_size}. If your upload does not work, try uploading a smaller image.",
  "the_first_image_is_used_as_collection_s_main_image_you_can_drag_drop_to_re_order": "The first image is used as collection's Main image, you can drag & drop to re-order."
}