{
  "better_ads_impressions": "Impressions",
  "better_ads_clicks": "Clicks",
  "better_ads_there_is_minimum_of_1000_impressions": "There is minimum of 1000 impressions",
  "better_ads_enabled": "Enabled",
  "better_ads_disabled": "Disabled",
  "better_ads_provide_a_title_for_your_ad": "Provide a title for your ad",
  "better_ads_provide_text_for_your_ad": "Provide text for your ad",
  "better_ads_select_an_image_for_your_ad": "Select an image for your ad",
  "better_ads_provide_a_url_for_your_ad": "Provide a URL for your ad",
  "better_ads_provide_a_campaign_name": "Provide an ad name",
  "better_ads_cannot_find_the_feed": "Cannot find the feed",
  "better_ads_this_item_in_feed_has_been_unsponsored_successfully": "This item in feed has been unsponsored successfully!",
  "better_ads_cannot_unsponsor_this_item_in_feed": "Cannot unsponsor this item in feed!",
  "better_ads_sponsored": "Sponsored",
  "better_ads_create_an_ad": "Create an ad",
  "better_ads_select_a_banner_type": "Select a banner type",
  "better_ads_provide_a_name_for_this_campaign": "Provide a name for this ad",
  "better_ads_provide_a_link_for_your_banner": "Provide a link for your banner",
  "better_ads_provide_html_for_your_banner": "Provide HTML for your banner",
  "better_ads_ad_successfully_updated": "Ad successfully updated",
  "better_ads_ad_successfully_added": "Ad successfully added",
  "better_ads_min_age_cannot_be_higher_than_max_age": "Min age cannot be higher than max age",
  "better_ads_add_ad_placement": "Add Ad Placement",
  "better_ads_manage_placements": "Manage Placements",
  "better_ads_edit_ad_placement": "Edit Ad Placement",
  "better_ads_ad_placement_successfully_updated": "Ad placement successfully updated",
  "better_ads_ad_placement_successfully_added": "Ad placement successfully added",
  "better_ads_ads_successfully_approved": "Ads successfully approved",
  "better_ads_ads_successfully_denied": "Ads successfully denied",
  "better_ads_ads_successfully_deleted": "Ads successfully deleted",
  "better_ads_ad_successfully_approved": "Ad successfully approved",
  "better_ads_ad_successfully_denied": "Ad successfully denied",
  "better_ads_ad_successfully_deleted": "Ad successfully deleted",
  "better_ads_ad_s_successfully_updated": "Ad(s) successfully updated",
  "better_ads_per_page": "{total} per page",
  "better_ads_recently_added": "Recently Added",
  "better_ads_pending_approval": "Pending Approval",
  "better_ads_pending_payment": "Pending Payment",
  "better_ads_denied": "Denied",
  "better_ads_invoice_successfully_deleted": "Invoice successfully deleted",
  "better_ads_paid": "Paid",
  "better_ads_cancelled": "Cancelled",
  "better_ads_ad_invoices": "Ad Invoices",
  "better_ads_invoices": "Invoices",
  "better_ads_ad_placement_successfully_deleted": "Ad placement successfully deleted",
  "better_ads_manage_ad_placements": "Manage Ad Placements",
  "better_ads_advertise": "Advertise",
  "better_ads_ad_management": "Ad Management",
  "better_ads_sponsorships": "Sponsorships",
  "better_ads_the_currency_for_your_membership_has_no_price": "The currency for your membership has no price",
  "better_ads_module_is_not_a_valid_module": "{module} is not a valid module.",
  "better_ads_impressions_cant_be_less_than_a_thousand": "Impressions cant be less than a thousand",
  "better_ads_sponsor_error_owner": "This item can only be sponsored by its owner or a site administrator",
  "better_ads_the_ad_you_are_looking_for_does_not_exist": "The ad you are looking for does not exist",
  "better_ads_unable_to_find_this_ad": "Unable to find this ad.",
  "better_ads_live": "Live",
  "better_ads_inactive": "Inactive",
  "better_ads_pending": "Pending",
  "better_ads_completed": "Completed",
  "better_ads_manage_ads": "Manage Ads",
  "better_ads_manage_invoices": "Manage Invoices",
  "better_ads_manage_sponsorships": "Manage Sponsorships",
  "better_ads_unable_to_find_the_ad_you_want_to_delete": "Unable to find the ad you want to delete",
  "better_ads_end_time_cannot_be_earlier_than_start_time": "End time cannot be earlier than start time",
  "better_ads_ad_image_placement": "Ad image placement",
  "better_ads_the_file_dimensions_are_too_big": "The file dimensions are too big",
  "better_ads_image_placement": "[Image Placement]",
  "better_ads_you_are_not_allowed_to_edit_this_ad": "You are not allowed to edit this ad",
  "better_ads_you_are_not_the_owner_of_this_ad": "You are not the owner of this ad",
  "better_ads_this_ad_has_used_all_its_clicks": "This ad has used all its clicks",
  "better_ads_this_ad_has_used_all_its_views": "This ad has used all its views",
  "better_ads_you_cant_do_that_dot_dot_dot": "You cant do that...",
  "better_ads_provide_a_title": "Provide a title",
  "better_ads_select_a_placement": "Select a placement",
  "better_ads_provide_a_cost": "Provide a cost",
  "better_ads_select_if_this_ad_placement_is_active_or_not": "Select if this ad placement is active or not",
  "better_ads_you_need_to_define_if_this_placement_is_for_cpm_or_ppc": "You need to define if this placement is for CPM or PPC",
  "better_ads_block_location_cost_cpm_1_000_views": "Block {location} - {cost} CPM (1,000 views)",
  "better_ads_block_location_cost_ppc": "Block {location} - {cost} per click",
  "better_ads_location": "Location",
  "better_ads_state_province": "State\/Province",
  "better_ads_separate_multiple_postal_codes_by_a_comma": "Separate multiple postal codes by a comma",
  "better_ads_separate_multiple_cities_by_a_comma": "Separate multiple cities by a comma",
  "better_ads_age_group_between": "Age Group Between",
  "better_ads_title": "Title",
  "better_ads_placement": "Placement",
  "better_ads_sample_layout": "Sample Layout",
  "better_ads_view_site_layout": "View Site Layout",
  "better_ads_price": "Price",
  "better_ads_placement_type": "Placement Type",
  "better_ads_no_placements_found": "No placements found",
  "better_ads_image": "Image",
  "better_ads_html": "Html",
  "better_ads_body_text": "Body Text",
  "better_ads_preview_this_ad": "Preview This Ad",
  "better_ads_banner_image": "Banner Image",
  "better_ads_click_here_to_change_this_banner_image": "Click <a href=\"#\" onclick=\"$('#js_ad_upload_banner').show(); $('#js_ad_banner').hide(); return false;\">here<\/a> to change this image.",
  "better_ads_banner_link": "Banner Link",
  "better_ads_start_date": "Start Date",
  "better_ads_note_the_time_is_set_to_your_registered_time_zone": "Note: The time is set to your registered time zone.",
  "better_ads_end_date": "End Date",
  "better_ads_total_views": "Total Views",
  "better_ads_total_clicks": "Total Clicks",
  "better_ads_unlimited": "Unlimited",
  "better_ads_disallow_controller": "Disallow Controller",
  "better_ads_separate_each_controller_with_a_comma_eg_blog_index_video_view": "Separate each controller with a comma. (Eg. blog.index,photo.view)",
  "better_ads_ad_filter": "Ad Filter",
  "better_ads_type": "Type",
  "better_ads_status": "Status",
  "better_ads_display": "Display",
  "better_ads_sort_by": "Sort By",
  "better_ads_there_are_number_pending_ads_that_require_your_attention": "There are <a href=\"{link}\">{number} pending ads<\/a> that require your attention.",
  "there_are_pending_sponsorships_that_require_your_attention_view_all_pending_sponsorships_a_href_link_here_a": "There are <a href=\"{link}\">{number} pending sponsorships<\/a> that require your attention.",
  "better_ads_there_is_1_pending_ad_that_require_your_attention": "There is <a href=\"{link}\">1 pending ad<\/a> that require your attention.",
  "better_ads_ads": "Ads",
  "better_ads_no_search_results_were_found": "No search results were found",
  "better_ads_no_ads_have_been_created": "No ads have been created",
  "better_ads_views": "Views",
  "better_ads_manage": "Manage",
  "better_ads_invoice_filter": "Invoice Filter",
  "better_ads_there_are_no_invoices": "There are no invoices",
  "better_ads_date": "Date",
  "better_ads_no_ad_placements_have_been_created_check_back_here_shortly": "No ad placements have been created. Check back here shortly",
  "better_ads_your_ad_has_been_created": "Your ad has been created",
  "better_ads_your_ad_has_successfully_been_submitted_to_complete_the_process_continue_with_paying_below": "Your ad has successfully been submitted. To complete the process continue with paying below",
  "better_ads_payment_methods": "Payment Methods",
  "better_ads_sample_ad": "Sample Ad",
  "better_ads_example_ad": "Example Ad",
  "better_ads_this_is_a_sample_ad": "This is a sample ad",
  "better_ads_1_ad_design": "1. Ad Design",
  "better_ads_upload_an_ad": "Upload an Ad",
  "better_ads_ad_placement": "Ad Placement",
  "better_ads_change": "Change",
  "better_ads_select_a_position": "Select a Position",
  "better_ads_destination_url": "Destination URL",
  "better_ads_continue": "Continue",
  "better_ads_recalculate_costs": "Recalculate Costs",
  "better_ads_pay_now": "Pay Now",
  "better_ads_approved": "Approved",
  "better_ads_thank_you_for_your_purchase_your_ad_is_currently_pending_approval": "Thank you for your purchase. Your ad is currently pending approval",
  "better_ads_active": "Active",
  "better_ads_pause_this_campaign": "Pause this campaign",
  "better_ads_continue_this_campaign": "Continue this campaign",
  "better_ads_no_ads_found": "No ads found",
  "better_ads_1_confirm_your_item": "1. Confirm your Item",
  "better_ads_your_order_has_been_processed": "Your order has been processed",
  "better_ads_submit": "Submit",
  "better_ads_choose_image": "Choose image",
  "better_ads_payment_completed": "Payment Completed",
  "better_ads_unable_to_edit_purchase_this_ad": "Unable to edit\/purchase this ad",
  "better_ads_define_how_many_impressions_for_this_ad": "Define how many impressions for this ad",
  "better_ads_select_an_ad_placement": "Select an ad placement",
  "better_ads_updating_an_ad": "Updating an Ad",
  "better_ads_amount_currency_per_1000_impressions": "{amount} {currency} per 1000 impressions",
  "better_ads_amount_currency_per_click": "{amount} {currency} per click",
  "better_ads_not_a_valid_ad_plan": "Not a valid ad plan",
  "better_ads_you_can_upload_a_jpg_gif_or_png_file": "You can upload a JPG, GIF or PNG file",
  "better_ads_all_user_groups": "All User Groups",
  "better_ads_selected_user_groups": "Selected User Groups",
  "better_ads_postal_code": "Postal Code",
  "better_ads_city": "City",
  "better_ads_approve": "Approve",
  "better_ads_deny": "Deny",
  "better_ads_select": "Select",
  "better_ads_add_a_new_add": "Add a New Ad",
  "better_ads_cpm_cost_per_mille": "CPM (Cost per mille)",
  "better_ads_ppc_pay_per_click": "PPC (Pay per click)",
  "better_ads_ad_placements": "Ad Placements",
  "better_ads_block_id": "Block {id}",
  "better_ads_free": "Free",
  "better_ads_cost_money_per_action_type": "{cost} {money} per {type}",
  "better_ads_sponsor_ad_approved": "Sponsor Ad Approved",
  "better_ads_ad_approved": "Ad Approved",
  "better_ads_id": "ID",
  "better_ads_your_ad_on_site_name_has_been_approved": "Your ad on {site_name} has been approved: <a href=\"{link}\">{link}<\/a>",
  "better_ads_your_sponsor_ad_on_site_name_has_been_approved": "Your sponsored ad on {site_name} has been approved: <a href=\"{link}\">{link}<\/a>",
  "better_ads_sponsor_ad_denied": "Sponsor Ad Denied",
  "better_ads_your_sponsor_ad_on_site_name_has_been_denied": "Your sponsored ad on {site_name} has been denied: <a href=\"{link}\">{link}<\/a>",
  "better_ads_your_ad_on_site_name_has_been_denied": "Your ad on {site_name} has been denied: <a href=\"{link}\">{link}<\/a>",
  "better_ads_n_a": "n/a",
  "better_ads_delete": "Delete",
  "better_ads_name": "Name",
  "better_ads_provide_item_for_your_ad": "Provide {item} for your ad",
  "better_ads_period": "Period",
  "better_ads_click": "Click",
  "better_ads_view": "View",
  "better_ads_ad_not_found": "Ad not found",
  "better_ads_view_again": "View again",
  "better_ads_view_day": "Day",
  "better_ads_view_week": "Week",
  "better_ads_view_month": "Month",
  "better_ads_period_number": "Period Number",
  "better_ads_export": "Export",
  "better_ads_unsponsor": "Unsponsor",
  "better_ads_finished": "Finished",
  "better_ads_banner": "Banner",
  "better_ads_count_click": "Count Click",
  "better_ads_count_view": "Count View",
  "better_ads_country": "Country",
  "better_ads_edit": "Edit",
  "better_ads_sponsored_listing": "Sponsored Listing",
  "better_ads_add_a_placement": "Add a placement",
  "Hide this ad": "",
  "Please create a placement first": "",
  "State/Province:": "",
  "Separate multiple postal codes by a comma.": "",
  "controller_ad.add": "Add ads",
  "controller_ad.manage-sponsor": "Ads Manage Sponsor",
  "controller_ad.sponsor": "Ads Sponsor",
  "controller_ad.index": "Ads Home Page",
  "controller_ad.manage": "Ads Manage",
  "controller_ad.sample": "Ads Sample",
  "controller_ad.report": "Ads Report",
  "number_of_ad_on_each_location_must_be_greater_than_0": "\"Number of ad on each location\" must be greater than 0",
  "sponsor_items_price_must_be_greater_than_or_equal_to_0": "\"Sponsor items price\" must be greater than or equal to 0",
  "search_ad": "Search Ad",
  "created_from": "Created From",
  "ad_name": "Ad Name",
  "creator": "Creator",
  "incomplete": "Incomplete",
  "all_status": "All status",
  "are_you_sure_you_want_to_deny_selected_ads": "Are you sure you want to deny selected ads?",
  "are_you_sure_you_want_to_approve_selected_ads": "Are you sure you want to approve selected ads?",
  "are_you_sure_you_want_to_deny_this_ad": "Are you sure you want to deny this ad?",
  "are_you_sure_you_want_to_approve_this_ad": "Are you sure you want to approve this ad?",
  "are_you_sure_you_want_to_delete_selected_ads_permanently": "Are you sure you want to delete selected ads permanently?",
  "are_you_sure_you_want_to_delete_selected_sponsorships_permanently": "Are you sure you want to delete selected sponsorships permanently?",
  "are_you_sure_you_want_to_delete_this_ad_permanently": "Are you sure you want to delete this ad permanently?",
  "general_infomation": "General Infomation",
  "add_new_ad": "Add new ad",
  "edit_ad": "Edit ad",
  "add_new_placement": "Add new placement",
  "image_tooltip_text": "Image tooltip text",
  "remain_number_characters": "Remain <span class=\"character-count\">{number}</span> characters",
  "ad_details": "Ad Details",
  "please_input_all_required_fields": "Please input all required fields.",
  "age_between": "Age between",
  "delete_placement": "Delete placement",
  "if_you_delete_this_placement_all_ads_belong_to_it_will_be_deleted_also": "If you delete this placement, all ads belong to it will be deleted also.",
  "are_you_sure_you_want_to_delete_this_placement": "Are you sure you want to delete this placement?",
  "choose_action_to_do_with_ads": "Choose action to do with ads.",
  "remove_all_ads_belonging_to_this_placement": "Remove all ads belong to this placement.",
  "select_another_placement_to_move_all_ads_belonging_to_this_placement": "Select another placement to move all ads belonging to this placement.",
  "move_to": "Move to",
  "add_placement": "Add Placement",
  "disallowed_pages": "Disallowed Pages",
  "hide_this_ad": "Hide this ad",
  "ad_title_heading": "Ad title heading",
  "search_ads_dot": "Search Ads...",
  "you_dont_have_permission_to_delete_this_ad": "You don't have permission to delete this ad.",
  "all_placements": "All placements",
  "duration": "Duration",
  "please_select_gender": "Please select gender",
  "no_invoice_found": "No invoice found",
  "you_dont_have_permission_to_edit_this_ad": "You don't have permission to edit this ad.",
  "sponsor_item": "Sponsor item",
  "ad_type": "Ad type",
  "number_of_views": "Number of views",
  "total_cost": "Total cost",
  "date_from": "Date from",
  "date_to": "Date to",
  "search_sponsorship": "Search Sponsorship",
  "my_sponsorships": "My Sponsorships",
  "sponsor_block": "Sponsor Block",
  "in_feed": "In Feed",
  "no_sponsorship_found": "No sponsorship found.",
  "cannot_edit_this_sponsor": "Cannot edit this sponsor.",
  "edit_sponsor": "Edit sponsor",
  "sponsor_successfully_edited": "Sponsor successfully edited",
  "are_you_sure_you_want_to_delete_this_invoice_permanently": "Are you sure you want to delete this invoice permanently?",
  "are_you_sure_you_want_to_delete_this_sponsorship_permanently": "Are you sure you want to delete this sponsorship permanently?",
  "are_you_sure_you_want_to_deny_this_sponsorship": "Are you sure you want to deny this sponsorship?",
  "search_invoice": "Search Invoice",
  "choose_app": "Choose App",
  "search_an_app": "Search an app",
  "sponsor_settings": "Sponsor settings",
  "migrate_ads": "Migrate Ads",
  "no_ad_found": "No Ad found",
  "import_selected": "Import selected",
  "migrate_ad_successfully_deleted": "Migrate ad successfully deleted",
  "migrate_sponsorship_successfully_deleted": "Migrate sponsorship successfully deleted",
  "migrate_ads_successfully_deleted": "Migrate ads successfully deleted",
  "migrate_ad": "Migrate Ad",
  "migrate_sponsorships": "Migrate Sponsorships",
  "you_havent_created_any_placement_to_import": "You haven't created any placement to import",
  "select_placement_to_import": "Select placement to import",
  "1_ad_has_been_imported_successfully": "1 ad has been imported successfully",
  "number_ads_have_been_imported_successfully": "{number} ads have been imported successfully",
  "1_sponsorship_has_been_imported_successfully": "1 sponsorship has been imported successfully",
  "number_sponsorships_have_been_imported_successfully": "{number} sponsorships have been imported successfully",
  "ad": "Ad",
  "approve_selected": "Approve Selected",
  "To": "To",
  "your_ad_has_been_dennied": "Your ad has been dennied",
  "please_upload_ad_image": "Please upload ad's image.",
  "recommended_dimension": "Recommended Dimension",
  "vertical_image": "Vertical image",
  "horizontal_image": "Horizontal image",
  "unpaid": "Unpaid",
  "upcoming": "Upcoming",
  "running": "Running",
  "ended": "Ended",
  "all_settings": "All Settings",
  "menu_ad": "Advertise",
  "better_ads_notice_choose_languages" : "Note: This {title} will show on languages you choose",
  "better_ads_sponsorship" : "Sponsorship",
  "better_ads_custom_genders" : "Custom Genders",
  "better_ads_from" : "From",
  "better_ads_no_price_set" : "No price set",
  "you_have_total_pending_ads" : "You have total {total} pending ads",
  "you_have_total_pending_ad" : "You have total {total} pending ad",
  "handles_non_pages": "Handles non-pages",
  "non_pages": "Non-pages",
  "ad_advertisement_notifications" : "Advertisement Notifications",
  "better_ads_deactivate": "Deactivate",
  "better_ads_activate": "Activate",
  "better_ads_notice_choose_user_groups" : "Note: This {title} will show on user groups you choose"
}