{
  "menu_saveditems": "Saved",
  "saveditems_all_saved_items": "All Saved Items",
  "saveditems_my_collections": "My Collections",
  "saveditems_item_saved" : "Item saved!",
  "saveditems_add_to_collection" : "Add to Collection",
  "saveditems_add_to_new_collection" : "Add to New Collection",
  "saveditems_new_collection" : "New Collection",
  "saveditems_collection_name" : "Collection Name",
  "saveditems_create_collection" : "Create Collection",
  "saveditems_you_have_not_created_any_collection_yet" : "You haven't created any collection yet.",
  "saveditems_maximum_128_characters" : "Maximum 128 characters.",
  "saveditems_collection_title_can_not_be_empty_and_maximum_128_character" : "Collection title can not be empty and maximum 128 characters.",
  "saveditems_updated_on" : "Updated on",
  "saveditems_unsave" : "Unsave",
  "saveditems_no_collections_found" : "No collections found.",
  "saveditems_search_your_saved_items_dot" : "Search your saved items...",
  "saveditems_unopened" : "Unopened",
  "saveditems_opened" : "Opened",
  "saveditems_collection" : "Collection",
  "saveditems_no_saved_items_found" : "No saved items found.",
  "user_status" : "User Status",
  "saveditems_mark_as_opened" : "Mark as opened",
  "saveditems_mark_as_unopened" : "Mark as unopened",
  "saveditems_move_to_other_collections" : "Move to other collections",
  "saveditems_saved_to_title" : "Saved to",
  "saveditems_saved_to_collection_and_more" : "{number} more",
  "saveditems_recently_updated" : "Recently Updated",
  "saveditems_create_new_collection_uppercase" : "CREATE NEW COLLECTION",
  "saveditems_are_you_sure_you_want_to_delete_this_collection" : "Are you sure you want to delete this collection?",
  "saveditems_added_to_collection" : "Added to Collection",
  "saveditems_unsave_from_collection_notice" : "This action forces to remove this item from all collections that saved. Are you sure to unsaved it?",
  "saveditems_saved_successfully" : "Saved successfully.",
  "saveditems_unsaved_item_successfully" : "Unsaved successfully.",
  "saveditems_is_in_detail" : "1",
  "saveditems_is_not_in_detail" : "0",
  "saveditems_item_types" : "Item Types",
  "saveditems_added_to_collection_one" : "Added to {number} collection",
  "saveditems_added_to_collection_more" : "Added to {number} collections",
  "controller_saveditems.index" : "Saved Items Home",
  "saveditems_type_forum_post" : "Forum Post",
  "saveditems_oldest" : "Oldest",
  "saveditems_latest": "Latest",
  "saveditems_this_item_has_been_unsaved_successfully" : "This item has been unsaved successfully",
  "module_saveditems" : "Saved Items",
  "saveditems_unsave_item" : "Unsave item",
  "saveditems_manage_this_item" : "Manage this item",
  "saveditems_add_to_collections" : "Add to Collections",
  "saveditems_recent_saved_items" : "Recent saved items",
  "saveditems_mobile_item_successfully_saved" : "Item successfully saved.",
  "saveditems_mobile_item_successfully_unsaved" : "Item successfully unsaved.",
  "saveditems_edit_collection" : "Edit Collection",
  "saveditems_collections" : "Collections",
  "saveditems_item_successfully_marked_as_opened" : "Item successfully marked as opened.",
  "saveditems_item_successfully_marked_as_unopened" : "Item successfully marked as unopened.",
  "saveditems_collection_item" : "{number} item",
  "saveditems_collection_items" : "{number} items",
  "saveditems_collection_successfully_created" : "Collection successfully created.",
  "saveditems_collection_successfully_updated" : "Collection successfully updated.",
  "saveditems_collection_successfully_deleted" : "Collection successfully deleted.",
  "saveditems_create_new_collection_uc_first" : "Create New Collection",
  "saveditems_enter_colllection_name" : "Enter collection name",
  "saveditems_this_item_has_been_saved_successfully" : "This item has been saved successfully",
  "saveditems_number_collections" : "{number} collections",
  "saveditems_your_item_has_been_successfully_saved":"Your item has been successfully saved!",
  "saveditems_add_this_item_to_your_collections": "Add this item to your collections",
  "saveditems_item_saved_without_symbol" : "Item saved",
  "Saved Items" : "",
  "saveditems_remove_from_the_collection" : "Remove from the collection",
  "saveditems_item_not_found" : "Item not found",
  "saveditems_all_collections": "All Collections",
  "saveditems_add_friend": "Add Friend",
  "saveditems_view_member_list": "View Member List",
  "saveditems_user_cannot_empty": "User cannot empty",
  "saveditems_collection_not_found": "Collection not found",
  "saveditems_add_friend_successfully": "Add friend successfully",
  "saveditems_list_friend": "List Friend",
  "saveditems_remove_friend": "Remove Friend",
  "saveditems_there_is_no_friend_in_this_collection": "There is no friend in this collection",
  "saveditems_created_by": "Created by",
  "saveditems_leave_collection": "Leave Collection",
  "added_by": "Added By",
  "there_is_no_collection": "There is no collection",
  "saveditems_users_collection": "{users}'s Collection",
  "saveditems_full_name_add_you_to_saved_item_collection_name": "<b>{full_name}</b> added you to collection <b>{name}</b>",
  "saveditems_full_name_add_you_to_saved_item_collection": "{full_name} added you to collection",
  "saveditems_full_name_add_you_to_saved_item_collection_name_link": "<b>{full_name}</b> added you to collection <a href=\"{link}\">{name}<\/a>.\r\nTo view the collection, follow the link below:\r\n<a href=\"{link}\">{link}<\/a>",
  "saveditems_notification_for_saveditems": "Notification for Saved",
  "saveditems_start_adding_new_items_by_create_new_stuffs": "Start adding new items by create a new stuffs",
  "saveditems_saved_collections": "Saved Collections",
  "saveditems_item_already_existed_in_collection_title": "Item already existed in collection <b>{title}</b>"
}