{
  "total_songs": "Total Songs",
  "name_in": "Name in",
  "delete_category": "Delete Category",
  "edit_category": "Edit Category",
  "genre_not_found": "Genre not found",
  "delete_genre": "Delete Genre",
  "select_an_action_to_all_songs_of_this_genre": "Select an action to all songs of this genre.",
  "are_you_sure_you_want_to_delete_this_genre": "Are you sure you want to delete this genre?",
  "remove_all_songs_belonging_to_this_genre": "Remove all songs belonging to this genre",
  "only_remove_genre_keep_all_songs_existing": "Only remove genre, keep all songs existing",
  "select_another_genre_for_all_songs_belonging_to_this_genre": "Select another genre for all songs belonging to this genre.",
  "are_you_sure_you_want_to_delete_this_song": "Are you sure you want to delete this song permanently?",
  "most_played": "Most Played",
  "music_total_view_s": "{total} view(s)",
  "music_total_views": "<span class=\"count\">{total}</span> views",
  "music_total_view": "<span class=\"count\">{total}</span> view",
  "music_total_tracks": "<span class=\"count\">{total}</span> songs",
  "music_total_track": "<span class=\"count\">{total}</span> song",
  "views_lowercase": "views",
  "1_view": "1 view",
  "share_songs": "Share Songs",
  "add_an_album": "Add An Album",
  "share_a_song": "Share a song",
  "more_lowercase": "more",
  "suggestion_uppercase": "Suggestion",
  "more_from_name": "More From {name}",
  "music_songs": "Music Songs",
  "music_albums": "Music Albums",
  "please_select_a_valid_mp3_file_to_upload": "Please select a valid mp3 file to upload",
  "provide_name_for_each_song": "Provide name for each song",
  "not_allowed_to_edit_this_photo_song_art": "Not allowed to edit this photo song art",
  "maximum_number_of_songs_you_can_upload_each_time_is": "Maximum number of songs you can upload each time is:",
  "maximum_number_of_songs_you_can_upload_each_time_is_max": "Maximum number of songs you can upload each time is {max}.",
  "shared_number_songs": "shared {number} songs",
  "shared_number_songs_from_gender_album_a_href_album_link_album_name_a": "shared {number} songs from {gender} album \"<a href=\"{album_link}\">{album_name}</a>\".",
  "the_file_size_limit_is_size": "The file size limit is {size}.",
  "drag_and_drop_to_upload_songs": "Drag and drop to upload songs.",
  "no_songs_have_been_added": "No songs have been added.",
  "added_new_music_album": "added new music album.",
  "Featured Albums Limit": "",
  "Define the limit of how many featured albums can be displayed when viewing the album section. Set 0 will hide this block": "",
  "Featured Songs Limit": "",
  "Define the limit of how many featured songs can be displayed when viewing the song section. Set 0 will hide this block": "",
  "New Albums Limit": "",
  "Define the limit of how many new albums can be displayed when viewing the song section. Set 0 will hide this block": "",
  "Related Albums Limit": "",
  "Define the limit of how many related albums can be displayed when viewing the album detail. Set 0 will hide this block": "",
  "Sponsored Albums Limit": "",
  "Define the limit of how many sponsored albums can be displayed when viewing the album section. Set 0 will hide this block": "",
  "Sponsored Songs Limit": "",
  "Define the limit of how many sponsored songs can be displayed when viewing the song section. Set 0 will hide this block": "",
  "Suggestion Songs Limit": "",
  "Define the limit of how many suggest songs can be displayed when viewing the song detail. Set 0 will hide this block": "",
  "previous": "Previous",
  "next": "Next",
  "random_uppercase": "Random",
  "repeat": "Repeat",
  "1_song": "1 song",
  "music_total_songs": "{total} songs",
  "upload_new_song": "Upload New Song",
  "purchase_song_sponsor_completed": "Your purchase to sponsor your song has just been made successfully.",
  "purchase_album_sponsor_completed": "Your purchase to sponsor your album has just been made successfully.",
  "purchase_song_sponsor_pending_approval": "Your purchase to sponsor your song has just been made successfully however it is pending an Admins approval.",
  "purchase_album_sponsor_pending_approval": "Your purchase to sponsor your album has just been made successfully however it is pending an Admins approval.",
  "music_song": "Music Song",
  "music_album": "Music Album",
  "upload_songs": "Upload Songs",
  "control_who_can_see_these_song_s": "Control who can see these song(s).",
  "Sponsored Songs Cache Time": "",
  "Define how long we should keep the cache for the <b>Sponsored Songs</b> by minutes. 0 means we do not cache data for this block.": "",
  "Sponsored Albums Cache Time": "",
  "Define how long we should keep the cache for the <b>Sponsored Albums</b> by minutes. 0 means we do not cache data for this block.": "",
  "Featured Songs Cache Time": "",
  "Define how long we should keep the cache for the <b>Featured Songs</b> by minutes. 0 means we do not cache data for this block.": "",
  "Featured Albums Cache Time": "",
  "Define how long we should keep the cache for the <b>Featured Albums</b> by minutes. 0 means we do not cache data for this block.": "",
  "latest_songs": "Latest Songs",
  "no_genres_found": "No genres found",
  "you_do_not_have_permission_to_delete_this_song": "You do not have permission to delete this song.",
  "Music": "",
  "delete_this_song": "Delete this song",
  "song_default_photo": "Song Default Photo",
  "seo_music_meta_description": "Share your music with friends, family, and the world on Site Name.",
  "seo_music_meta_keywords": "music, sharing, free, upload, song, album",
  "music_album_default_photo": "Music album default photo.",
  "sharing_total_song_s_successfully": "Sharing {total} song(s) successfully.",
  "no_songs_have_been_uploaded_successfully": "No songs have been uploaded successfully.",
  "stop_uploading": "Stop Uploading",
  "successfully_uploads": "Successfully Uploads",
  "song_s": "song(s)",
  "add_more_files": "Add more files",
  "please_do_not_refresh_the_current_page_or_close_the_browser_window": "Please do not refresh the current page or close the browser window.",
  "playing_uppercase": "Playing",
  "drag_and_drop_here_to_upload": "Drag & drop here to upload",
  "drag_and_drop_file_here": "Drag and drop file here",
  "browse_three_dot": "Browse...",
  "finish": "Finish",
  "if_you_do_not_upload_photo_for_this_song": "If you do not upload photo for this song, default photo will be used for it.",
  "no_repeat": "No repeat",
  "repeat_all_songs": "Repeat all songs",
  "repeat_one_song": "Repeat one song",
  "shuffle_upper": "Shuffle",
  "uploading_three_dot": "uploading...",
  "cannot_find_the_uploaded_file_please_try_again": "Cannot find the uploaded file. Please try again.",
  "\"Sponsored Songs Limit\" must be greater than or equal to 0.": "",
  "\"Suggestion Songs Limit\" must be greater than or equal to 0.": "",
  "\"Related Albums Limit\" must be greater than or equal to 0.": "",
  "\"New Albums Limit\" must be greater than or equal to 0.": "",
  "\"Featured Albums Limit\" must be greater than or equal to 0.": "",
  "\"Featured Songs Limit\" must be greater than or equal to 0.": "",
  "\"Sponsored Albums Limit\" must be greater than or equal to 0.": "",
  "\"Latest Songs Limit\" must be greater than or equal to 0.": "",
  "\"Maximum number of songs per upload\" must be greater than 0.": "",
  "\"Activity points\" must be greater than or equal to 0.": "",
  "\"Maximum file size of songs uploaded\" must be greater than or equal to 0.": "",
  "you_cannot_upload_songs_because": "You cannot upload songs because",
  "you_have_total_pending_songs": "You have {total} pending songs.",
  "\"Sponsor album price\" must be greater than or equal to 0.": "",
  "\"Sponsor song price\" must be greater than or equal to 0.": "",
  "songs__l": "songs",
  "controller_music.browse.album": "Music Browse Album",
  "controller_music.album": "Music Album",
  "controller_music.index": "Music Home Page",
  "controller_music.view": "Music Detail",
  "controller_music.view-album": "Music Album Detail",
  "controller_music.browse.song": "Music Browse Song",
  "controller_music.browse": "Browse Music",
  "controller_music.profile": "Music Profile",
  "my_playlists": "My Playlists",
  "search_playlists_dot": "Search Playlists...",
  "most_songs": "Most Songs",
  "no_playlists_found": "No playlists found.",
  "add_a_playlist": "Add a playlist",
  "provide_a_name_for_this_playlist": "Provide a name for this playlist.",
  "successfully_updated_playlist_s_songs": "Successfully updated playlist's songs.",
  "successfully_updated_playlist": "Successfully updated playlist.",
  "successfully_added_playlist": "Successfully added playlist.",
  "view_playlist": "View playlist",
  "playlist_not_found": "Playlist not found.",
  "you_do_not_have_permission_to_edit_this_playlist": "You don't have permission to edit this playlist.",
  "playlist_info": "Playlist info",
  "editing_playlist": "Editing Playlist",
  "create_playlist": "Create Playlist",
  "name_of_playlist": "Name of playlist...",
  "unable_to_find_the_playlist_you_want_to_edit": "Unable to find the playlist you want to edit.",
  "you_not_yet_added_any_song_to_this_playlist": "You not yet added any songs to this playlist.",
  "find_your_favorite_songs": "Find your favorite songs",
  "unable_to_find_the_playlist_you_are_looking_for": "Unable to find the playlist you are looking for.",
  "you_do_not_have_permission_to_view_this_playlist": "You don't have permission to view this playlist.",
  "are_you_sure_you_want_to_delete_this_playlist": "Are you sure you want to delete this playlist permanently?",
  "playlist_successfully_deleted": "Playlist successfully deleted.",
  "not_allowed_to_delete_this_playlist": "You don't have permission to delete this playlist.",
  "playlist_s_successfully_deleted": "Playlist(s) successfully deleted.",
  "add_to_playlist": "Add to playlist",
  "add_to_new_playlist": "Add to new playlist",
  "cannot_add_song_to_this_playlist": "Cannot add song to this playlist.",
  "cannot_remove_song_from_this_playlist": "Cannot remove song from this playlist.",
  "cannot_add_new_playlist": "Cannot add new playlist.",
  "total_one_song": "Total 1 song",
  "total_number_songs": "Total {number} songs",
  "Other Playlists Limit": "",
  "Define the limit of how many other playlists can be displayed when viewing the playlist detail. Set 0 will hide this block.": "",
  "\"Other Playlists Limit\" must be greater than or equal to 0.": "",
  "other_playlists": "Other Playlists",
  "save_change": "Save Change",
  "music_playlist": "Music Playlists",
  "music_control_who_can_see_this_playlist_and_any_songs_connected_to_it": "Control who can see this playlist and any songs connected to it.",
  "all_music_playlists": "All Playlists",
  "full_name_liked_your_music_playlist_name": "{full_name} liked your music playlist \"{name}\"",
  "full_name_liked_your_music_playlist_message": "{full_name} liked your music playlist \"<a href=\"{link}\">{name}<\/a>\"\r\nTo view this music playlist follow the link below:\r\n<a href=\"{link}\">{link}<\/a>",
  "full_name_commented_on_your_music_playlist_title": "{full_name} commented on your playlist \"{title}\".",
  "full_name_commented_on_your_music_playlist_a_href_link_title_a_to_see_the_commented_thread_follow_the_link_below_a_href_link_link_a": "{full_name} commented on your music playlist \"<a href=\"{link}\">{title}<\/a>\".\r\nTo see the commented thread, follow the link below:\r\n<a href=\"{link}\">{link}<\/a>",
  "full_name_commented_on_gender_music_playlist": "{full_name} commented on {gender} music playlist",
  "full_name_commented_on_other_full_name_s_music_playlist": "{full_name} commented on {other_full_name}'s music playlist",
  "full_name_commented_on_gender_music_playlist_a_href_link_user_name_a_to_see_the_comment_thread_follow_the_link_below_a_href_link_link_a": "{full_name} commented on {gender} music playlist \"<a href=\"{link}\">{user_name}<\/a>\".\r\nTo see the comment thread, follow the link below:\r\n<a href=\"{link}\">{link}<\/a>",
  "full_name_commented_on_other_full_name_s_music_playlist_a_href_link_user_name_a_to_see_the_comment_thread_follow_the_link_below_a_href_link_link_a": "{full_name} commented on {other_full_name}'s music playlist \"<a href=\"{link}\">{user_name}<\/a>\".\r\nTo see the comment thread, follow the link below:\r\n<a href=\"{link}\">{link}<\/a>",
  "added_new_music_playlist": "added new music playlist",
  "controller_music.view-playlist": "Music Playlist Detail",
  "select_a_genre_dot": "Select a genre...",
  "music_songs_notifications": "Music Songs Notifications",
  "you_have_reached_your_limit_you_are_currently_unable_to_create_new_music_album": "You have reached your limit. You are currently unable to create new music album.",
  "you_have_reached_your_limit_you_are_currently_unable_to_create_new_music_playlist": "You have reached your limit. You are currently unable to create new music playlist.",
  "you_have_reached_your_limit_you_are_currently_unable_to_create_new_music_song": "You have reached your limit. You are currently unable to create new music song.",
  "are_you_sure_you_want_to_delete_selected_songs_permanently": "Are you sure you want to delete selected songs permanently?",
  "are_you_sure_you_want_to_delete_selected_playlists_permanently": "Are you sure you want to delete selected playlists permanently?",
  "are_you_sure_you_want_to_delete_selected_albums_permanently": "Are you sure you want to delete selected albums permanently?",
  "please_input_the_playlist_title": "Please input the playlist title!",
  "validator_user_group_setting_max_music_song_created": "\"The maximum number of music songs that members of this user group can create\" must equal or greater than 0",
  "validator_user_group_setting_max_music_album_created": "\"The maximum number of music albums that members of this user group can create\" must equal or greater than 0",
  "validator_user_group_setting_max_music_playlist_created": "\"The maximum number of music playlists that members of this user group can create\" must equal or greater than 0",
  "music_user_name_commented_on_gender_playlist_title": "{user_name} commented on {gender} playlist \"{title}\"",
  "music_user_name_commented_on_your_playlist_title": "{user_name} commented on your playlist \"{title}\"",
  "music_user_name_commented_on_span_class_drop_data_user_full_name_s_playlist_title": "{user_name} commented on <span class=\"drop_data_user\">{full_name}'s<\/span> playlist \"{title}\"",
  "music_user_name_liked_gender_own_playlist_title": "{user_name} liked {gender} own playlist \"{title}\"",
  "music_user_name_liked_your_playlist_title": "{user_name} liked your playlist \"{title}\"",
  "music_user_name_liked_span_class_drop_data_user_full_name_s_span_playlist_title": "{user_name} liked <span class=\"drop_data_user\">{full_name}'s<\/span> playlist \"{title}\"",
  "music_songs_successfully_uploaded" : "Songs successfully uploaded.",
  "music_invalid_parameter_name" : "Invalid parameter \"{name}\"",
  "music_playlist_single_word" : "Playlist",
  "music_playlists" : "Playlists"
}