{
  "sending_dot_dot_dot": "Sending...",
  "just_now": "Just now",
  "a_minute_ago": "a minute ago",
  "minutes_ago": "minutes ago",
  "a_hour_ago": "a hour ago",
  "hours_ago": "hours ago",
  "shoutbox": "Shoutbox",
  "who_can_share_messages": "Who can share messages in Shoutbox?",
  "who_can_view_shoutbox": "Who can view shoutbox?",
  "error": "Error",
  "type_something_to_chat": "Type something to chat",
  "write_your_message_here_dot_dot_dot": "Write your message here...",
  "shoutbox_app": "Shoutbox",
  "write_message":"Write message...",
  "shoutbox_you_are_typing_too_fast" : "You are typing too fast.",
  "shoutbox_edit_message" : "Edit Message",
  "shoutbox_cannot_edit_invalid_message" : "Can not edit invalid message.",
  "shoutbox_user_like_your_message" : "{full_name} liked shoutbox message \"{message_text}\" that you posted.",
  "shoutbox_invalid_message" : "Invalid message.",
  "shoutbox_you_are_not_allowed_to_edit_message" : "You are not allowed to edit message.",
  "shoutbox_you_cannot_send_message_at_this_time" : "You cannot send message at this time.",
  "shoutbox_edited" : "Edited",
  "shoutbox_you_only_quote_once" : "You only quote once.",
  "this_message_has_been_deleted": "This message has been deleted.",
  "quote_not_found": "Quote not found.",
  "full_name_message": "{full_name}'s message"
}