{
  "total_blogs": "Total Blogs",
  "delete_category": "Delete Category",
  "edit_category": "Edit Category",
  "successfully_updated_category": "Successfully updated category.",
  "select_an_action_to_all_blogs_of_this_category": "Select an action to all blogs of this category.",
  "remove_all_blogs_belonging_to_this_category": "Remove all blogs belonging to this category.",
  "only_remove_category_keep_all_blogs_existing": "Only remove category, keep all blogs existing.",
  "select_another_category_for_all_blogs_belonging_to_this_category": "Select another category for all blogs belonging to this category.",
  "are_you_sure_you_want_to_delete_this_category": "Are you sure you want to delete this category?",
  "all_sub_categories_of_this_category_will_be_the_root": "All sub categories of this category will be the root.",
  "sub_categories": "Sub-Categories",
  "sponsor_this_blog": "Sponsor This Blog",
  "unsponsor_this_blog": "Unsponsor This Blog",
  "unsponsor_in_feed": "Unsponsor In Feed",
  "in_this_category": "In This Category",
  "suggestion": "Suggestion",
  "sponsored_blog": "Sponsored Blog",
  "featured_blog": "Featured Blog",
  "sponsor_your_blog": "Sponsor your Blogs",
  "blog_successfully_sponsored": "Blog Successfully Sponsored",
  "blog_successfully_un_sponsored": "Blog Successfully Unsponsored",
  "blog_successfully_featured": "Blog Successfully Featured",
  "blog_successfully_un_featured": "Blog Successfully Unfeatured",
  "feature_this_blog": "Feature This Blog",
  "un_feature_this_blog": "Un-Feature This Blog",
  "view_lowercase": "view",
  "views_lowercase": "views",
  "are_you_sure_you_want_to_delete_this_blog_permanently": "Are you sure you want to delete this blog permanently?",
  "popular_topics": "Popular Topics",
  "edit_this_blog": "Edit This Blog",
  "publish_this_blog": "Publish This Blog",
  "approve_this_blog": "Approve This Blog",
  "my_draft_blog": "My Draft Blogs",
  "Featured Blogs Limit": "",
  "Define the limit of how many featured blogs can be displayed when viewing the blog section. Set 0 will hide this block.": "",
  "Popular Topics Limit": "",
  "Define the limit of how many popular topics can be displayed when viewing the blog section. Set 0 will hide this block.": "",
  "Suggestion Blogs Limit": "",
  "Define the limit of how many blogs can be displayed when viewing the blog detail. Set 0 will hide this block.": "",
  "Sponsored Blogs Limit": "",
  "Define the limit of how many sponsored blogs can be displayed when viewing the blog section. Set 0 will hide this block.": "",
  "Top Bloggers Limit": "",
  "Define the limit of how many top bloggers can be displayed when viewing the blog section. Set 0 will hide this block.": "",
  "Cache Top Bloggers": "",
  "Set this to <b>True</b> if we should cache the <b>Top Bloggers</b>. It always a good idea to cache such things as there is no need to run an extra query to the database to find out which users are the <b>Top Bloggers</b> as this requires counting all of the blogs added.<br><br>Note that this setting controls how long to keep the cache.": "",
  "Top Bloggers Cache Time": "",
  "Define how long we should keep the cache for the <b>Top Bloggers</b> by minutes.<br><br>Note this setting will have not affect if the setting Cache Top Bloggers is disabled.": "",
  "Categories": "",
  "New Category": "",
  "cannot_update_category": "Cannot update category",
  "cannot_add_category": "Cannot add category",
  "current_image": "Current Image",
  "no_categories_found": "No categories found",
  "pending_info": "[PENDING]",
  "Select an action to apply for all blogs as well as sub categories belonging to this category": "",
  "Select another category to move all blogs and sub-categories belonging to this category": "",
  "Remove all blogs and sub-categories belonging to this category": "",
  "blog(s)": "",
  "like_lowercase": "like",
  "likes_lowercase": "likes",
  "purchase_blog_sponsor_completed": "Your purchase to sponsor your blog has just been made successfully.",
  "purchase_blog_sponsor_pending_approval": "Your purchase to sponsor your blog has just been made successfully however it is pending an Admins approval.",
  "Unfeature": "",
  "Feature": "",
  "blog_s_successfully_featured": "Blog(s) successfully featured",
  "blog_s_successfully_unfeatured": "Blog(s) successfully unfeatured",
  "the_blog_has_been_successfully_updated": "The blog has been successfully updated",
  "Blogs": "",
  "unable_to_delete_this_item_due_to_privacy_settings": "Unable to delete this item due to privacy settings",
  "\"Featured Blogs Limit\" must be greater than or equal to 0": "",
  "\"Popular Topics Limit\" must be greater than or equal to 0": "",
  "\"Suggestion Blogs Limit\" must be greater than or equal to 0": "",
  "\"Sponsored Blogs Limit\" must be greater than or equal to 0": "",
  "\"Top Bloggers Limit\" must be greater than or equal to 0": "",
  "\"Activity points\" must be greater than or equal to 0": "",
  "\"Maximum photo size of blog\" must be greater than or equal to 0": "",
  "\"Time to wait before add another blog\" must be greater than or equal to 0": "",
  "you_have_total_pending_blogs": "You have {total} pending blogs",
  "\"Sponsor blog price\" must be greater than or equal to 0": "",
  "Each value of \"Define how many blogs a user can view at once when browsing the public blog section?\" must be greater than 0": "",
  "posted_in": "Post in",
  "blog__l": "blog",
  "blogs__l": "blogs",
  "controller_blog.index": "Blog Home Page",
  "controller_blog.add": "Post Blog",
  "controller_blog.view": "Blog Detail",
  "blog_privacy": "Blog Privacy",
  "blogs_notifications": "Blogs Notifications",
  "are_you_sure_you_want_to_delete_selected_blogs_permanently": "Are you sure you want to delete selected blogs permanently?",
  "blog_you_have_reached_your_limit_to_create_new_blog" : "You have reached your limit. You are currently unable to create new blog."
}